<?xml version='1.0' encoding='UTF-8'?>
<!DOCTYPE Plugin PUBLIC "sailpoint.dtd" "sailpoint.dtd">
<Plugin certificationLevel="None" displayName="Appointment Management" minSystemVersion="8.3" name="AppointmentsPlugin" version="1.2">
  <Attributes>
    <Map>
      <entry key="minUpgradableVersion" value="0.1" />
      <entry key="fullPage">
        <value>
          <FullPage title="Appointment Plugin" />
        </value>
      </entry>
      
      <entry key="restResources">
        <value>
          <List>
            <String>com.skillstorm.rest.AppointmentResource</String>
          </List>
        </value>
      </entry>
      
      <entry key="policyExecutors">
      	<value>
      		<List>
      			<String>com.skillstorm.policies.LateAppointmentPolicyExecutor</String>
      		</List>
      	</value>
      </entry>
      
      <entry key="settings">
       <value>
         <List>
           <Setting dataType="int" helpText="Allowed time in minutes after scheduled time before a violation is raised" label="Allowed Late Time" name="lateTime" defaultValue="5"/>
           <Setting dataType="int" helpText="Automatically remove appointment record after set number of minutes" label="Auto-Delete" name="deleteTime" defaultValue="60"/>
         </List>
       </value>
     </entry>
      
    </Map>
  </Attributes>
</Plugin>