<?xml version='1.0' encoding='UTF-8'?>
<!DOCTYPE Plugin PUBLIC "sailpoint.dtd" "sailpoint.dtd">
<Plugin certificationLevel="None" displayName="Notification Plugin" minSystemVersion="8.3" name="NotificationPlugin" version="1.0">
  <Attributes>
    <Map>
      <entry key="minUpgradableVersion" value="0.1" />
      <entry key="fullPage">
        <value>
          <FullPage title="Notification Plugin" />
        </value>
      </entry>
      <entry key="restResources">
      	<value>
      		<List>
      			<String>com.skillstorm.rest.NotificationResource</String>
      		</List>
      	</value>
      </entry>
    </Map>
  </Attributes>
</Plugin>