<?xml version='1.0' encoding='UTF-8'?>
<!DOCTYPE Plugin PUBLIC "sailpoint.dtd" "sailpoint.dtd">
<Plugin certificationLevel="None" displayName="Email Plugin"
	minSystemVersion="8.3" name="EmailPlugin" version="1.0">
	<Attributes>
		<Map>
			<entry key="minUpgradableVersion" value="0.1" />
			<entry key="fullPage">
				<value>
					<FullPage title="Email Plugin" />
				</value>
			</entry>
			<entry key="restResources">
				<value>
					<List>
						<String>com.skillstorm.rest.EmailTemplateResource</String>
						<String>com.skillstorm.rest.LogEntryResource</String>
						<String>com.skillstorm.rest.EmailResource</String>
						<String>com.skillstorm.rest.IdentityResource</String>
					</List>
				</value>

			</entry>
			<entry key="taskExecutors">
				<value>
					<List>
						<String>com.skillstorm.tasks.DeleteOldLogEntriesExecutor</String>
					</List>
				</value>
			</entry>
			<!--!      <entry key="serviceExecutors">
 Here we place the service executors 
      	<value>
      		<List>
      			<String>com.skillstorm.server.OfficeAddService</String>
      		</List>
      	</value> 
      </entry> -->
			<!--!      <entry key="policyExecutors">
         here we place the policy executors, if we have any.
      	<value>
      		<List>
      			<String>com.skillstorm.policies.MaximumOfficePolicyExecutor</String>
      		</List>
      	</value>
      </entry> -->
			<!--      <entry key="settings">
         This is what shows up in the config of the plugin from the main plugins page
        <value> 
          <List>
          	<Setting dataType="boolean" helpText="If checked, this will automatically add
			Offices to our database." label="Auto-Add" name="autoAdd"
			defaultValue="false" />
			<Setting dataType="int" helpText="How many Offices to add each time the service
			cycles." label="# To Add" name="numberToAdd" defaultValue="0" />
			<Setting dataType="string" helpText="Prefix for the department field in created
			Offices" label="Department Prefix" name="departmentPrefix"
			defaultValue="Department"/>
          </List>
        </value>
      </entry> -->
		</Map>
	</Attributes>
</Plugin>