<?xml version='1.0' encoding='UTF-8'?>
<!DOCTYPE Plugin PUBLIC "sailpoint.dtd" "sailpoint.dtd">
<Plugin certificationLevel="None" displayName="AccountsPlugin" minSystemVersion="8.3" name="AccountsPlugin" version="1.0">
  <Attributes>
    <Map>
      <entry key="minUpgradableVersion" value="0.1" />
      <entry key="fullPage">
        <value>
          <FullPage title="Accounts Plugin" />
        </value>
      </entry>
      <entry key="restResources">
      	<value>
	      	<List>
	      		<String>com.skillstorm.rest.AccountResource</String>
	      	</List>
      	</value>
      </entry>
    </Map>
  </Attributes>
</Plugin>